{"cameraMode":{"drawMode":0,"name":"Shaded","section":"Shading Mode"},"sceneLighting":true,"audioPlay":false,"sceneViewState":{"m_AlwaysRefresh":false,"showFog":true,"showSkybox":true,"showFlares":true,"showImageEffects":true,"showParticleSystems":true,"showVisualEffectGraphs":true,"m_FxEnabled":true},"in2DMode":false,"pivot":{"x":-0.07390804588794708,"y":-44.48531723022461,"z":134.34352111816407},"rotation":{"x":0.14675946533679963,"y":0.016315102577209474,"z":-0.0024216067977249624,"w":0.9890445470809937},"size":82.0586166381836,"orthographic":false}